,order_id,order_date,customer_name,city,category,product_id,sales,profit
1,CA-2018-100090,2018-07-08,Ed Braxton,San Francisco,Furniture,FUR-TA-10003715,502.488,-87.9354
13,CA-2018-100916,2018-10-21,Frank Hawley,Newport News,Furniture,FUR-TA-10004607,591.32,112.3508
24,CA-2018-101602,2018-12-15,Mick Crebagga,El Paso,Furniture,FUR-CH-10004675,763.28,-21.808
27,CA-2018-101931,2018-10-28,Todd Sumrall,Los Angeles,Furniture,FUR-BO-10001337,616.998,-36.294
79,CA-2018-105648,2018-03-03,Eva Jacobs,San Diego,Furniture,FUR-TA-10002958,626.352,-23.4882
82,CA-2018-105984,2018-11-24,Muhammed Yedwab,Columbus,Furniture,FUR-CH-10000847,611.058,-34.9176
105,CA-2018-107811,2018-04-29,Laura Armstrong,Memphis,Furniture,FUR-CH-10001394,561.584,70.198
106,CA-2018-107818,2018-09-08,Marc Crier,Pasco,Furniture,FUR-CH-10000454,975.92,121.99
112,CA-2018-108609,2018-10-31,Anthony Jacobs,Lorain,Furniture,FUR-TA-10003954,1421.664,-734.5264
120,CA-2018-109232,2018-01-13,Natalie DeCherney,Mount Pleasant,Furniture,FUR-CH-10000422,545.94,87.3504
137,CA-2018-110408,2018-10-18,Alan Schoenberger,Montgomery,Furniture,FUR-CH-10003774,545.88,70.9644
149,CA-2018-111192,2018-07-30,Tom Stivers,Seattle,Furniture,FUR-BO-10002916,1367.84,259.8896
155,CA-2018-111871,2018-03-18,Eileen Kiefer,San Francisco,Furniture,FUR-BO-10004218,1198.33,70.49
159,CA-2018-112158,2018-12-02,David Philippe,New York City,Furniture,FUR-BO-10003272,883.92,-110.49
176,CA-2018-113880,2018-03-01,Vicky Freymann,Elmhurst,Furniture,FUR-CH-10000863,634.116,-172.1172
185,CA-2018-114321,2018-08-20,Nick Crebassa,Hampton,Furniture,FUR-CH-10001797,500.24,145.0696
194,CA-2018-115084,2018-10-18,Luke Schmidt,Texarkana,Furniture,FUR-CH-10004626,605.34,145.2816
207,CA-2018-116246,2018-09-12,Luke Weiss,New York City,Furniture,FUR-CH-10002024,3785.292,420.588
216,CA-2018-116932,2018-07-21,Michelle Ellison,San Francisco,Furniture,FUR-CH-10001215,801.568,50.098
221,CA-2018-117464,2018-07-22,Naresj Patel,San Francisco,Furniture,FUR-CH-10000155,717.72,71.772
245,CA-2018-120474,2018-12-01,Resi Pölking,Madison,Furniture,FUR-CH-10001854,2807.84,673.8816
248,CA-2018-120768,2018-12-19,Irene Maddox,Florence,Furniture,FUR-CH-10000513,1819.86,163.7874
254,CA-2018-121006,2018-11-10,Sam Craven,Midland,Furniture,FUR-CH-10004997,563.94,112.788
289,CA-2018-124247,2018-12-16,Stefanie Holloman,Sacramento,Furniture,FUR-CH-10001854,1403.92,70.196
291,CA-2018-124429,2018-05-27,Maya Herman,San Diego,Furniture,FUR-TA-10002607,567.12,-28.356
313,CA-2018-125731,2018-09-10,Clay Ludtke,Gresham,Furniture,FUR-CH-10003973,1487.04,148.704
315,CA-2018-125829,2018-11-04,William Brown,Los Angeles,Furniture,FUR-TA-10002041,573.728,-64.5444
316,CA-2018-125997,2018-09-20,Mitch Webber,New York City,Furniture,FUR-BO-10002213,801.568,-10.0196
323,CA-2018-126403,2018-09-09,Rick Reed,Lowell,Furniture,FUR-CH-10003761,785.88,212.1876
327,CA-2018-126760,2018-07-26,Kunst Miller,North Las Vegas,Furniture,FUR-CH-10003312,674.352,-109.5822
343,CA-2018-127614,2018-02-11,Natalie Fritzler,Chesapeake,Furniture,FUR-TA-10003715,1256.22,75.3732
352,CA-2018-128209,2018-11-17,Greg Tran,Buffalo,Furniture,FUR-BO-10002213,4007.84,-50.098
364,CA-2018-129189,2018-07-21,Harry Marie,Dallas,Furniture,FUR-CH-10004997,657.93,-93.99
368,CA-2018-129924,2018-07-12,Alyssa Crouse,San Francisco,Furniture,FUR-TA-10004575,698.352,-17.4588
374,CA-2018-130428,2018-03-31,Trudy Glocke,Tampa,Furniture,FUR-CH-10002965,1125.488,98.4802
395,CA-2018-131926,2018-06-01,Dianna Wilson,Lakeville,Furniture,FUR-CH-10004063,2001.86,580.5394
399,CA-2018-132451,2018-09-26,Karen Ferguson,San Diego,Furniture,FUR-CH-10000454,585.552,73.194
402,CA-2018-132612,2018-06-09,Frank Olsen,Harrisonburg,Furniture,FUR-TA-10004534,1441.3,245.021
431,CA-2018-134551,2018-12-20,Tony Sayre,Columbia,Furniture,FUR-CH-10004287,662.88,74.574
432,CA-2018-134572,2018-04-20,Seth Vernon,Houston,Furniture,FUR-TA-10001705,744.1,-95.67
438,CA-2018-135608,2018-12-08,Jim Karlsson,Olympia,Furniture,FUR-CH-10002602,603.92,45.294
439,CA-2018-135657,2018-06-03,Steven Cartwright,Seattle,Furniture,FUR-TA-10004086,515.88,113.4936
447,CA-2018-136644,2018-06-16,Sonia Cooley,Mishawaka,Furniture,FUR-CH-10000225,647.84,32.392
451,CA-2018-137274,2018-03-29,Mike Gockenbach,Plano,Furniture,FUR-TA-10001889,890.841,-152.7156
483,CA-2018-139892,2018-09-08,Becky Martin,San Antonio,Furniture,FUR-CH-10004287,1740.06,-24.858
497,CA-2018-140858,2018-06-28,Cynthia Arntzen,Philadelphia,Furniture,FUR-CH-10001394,1228.465,0.0
520,CA-2018-142839,2018-08-16,Troy Staebel,Philadelphia,Furniture,FUR-TA-10001539,853.092,-227.4912
533,CA-2018-143903,2018-07-20,Katherine Murray,Dallas,Furniture,FUR-CH-10002024,981.372,-140.196
546,CA-2018-145387,2018-10-31,Anne McFarland,Cranston,Furniture,FUR-CH-10002320,1604.9,481.47
551,CA-2018-146283,2018-09-08,Kean Takahito,Houston,Furniture,FUR-CH-10004287,966.7,-13.81
592,CA-2018-150245,2018-12-31,Pamela Coakley,Watertown,Furniture,FUR-BO-10002613,1573.488,196.686
598,CA-2018-150798,2018-12-01,Joe Kamberova,Columbus,Furniture,FUR-CH-10000015,909.72,-51.984
602,CA-2018-151295,2018-11-12,Joseph Airdo,Los Angeles,Furniture,FUR-TA-10002356,629.064,31.4532
603,CA-2018-151330,2018-10-14,Toby Carlisle,Everett,Furniture,FUR-CH-10000749,1628.82,260.6112
612,CA-2018-151995,2018-10-13,Zuschuss Carroll,Edmonds,Furniture,FUR-TA-10002903,1298.55,311.652
613,CA-2018-152100,2018-05-11,Victoria Wilson,Huntsville,Furniture,FUR-CH-10000015,1212.96,-69.312
631,CA-2018-153913,2018-12-16,Ken Black,Hialeah,Furniture,FUR-CH-10000988,1013.832,101.3832
647,CA-2018-154893,2018-12-21,Gary McGarr,San Diego,Furniture,FUR-CH-10000595,572.16,35.76
648,CA-2018-154963,2018-06-22,Anna Andreadi,Chester,Furniture,FUR-CH-10000454,853.93,0.0
654,CA-2018-155796,2018-11-11,Tom Stivers,Reading,Furniture,FUR-BO-10002545,521.96,-250.5408
656,CA-2018-155887,2018-05-12,Kean Thornton,Franklin,Furniture,FUR-TA-10002228,700.056,-130.0104
658,CA-2018-156160,2018-09-22,Adam Shillingsburg,New York City,Furniture,FUR-CH-10004983,579.528,83.7096
692,CA-2018-159310,2018-11-07,Steven Cartwright,Houston,Furniture,FUR-CH-10002758,683.144,0.0
695,CA-2018-159520,2018-06-06,Grant Thornton,Long Beach,Furniture,FUR-TA-10003238,991.764,-347.1174
701,CA-2018-159835,2018-11-17,Randy Bradley,Philadelphia,Furniture,FUR-CH-10004997,657.93,-93.99
713,CA-2018-161508,2018-07-12,Paul Van Hugh,League City,Furniture,FUR-CH-10002126,512.358,-14.6388
727,CA-2018-163419,2018-11-11,Tracy Zic,Louisville,Furniture,FUR-CH-10000665,603.92,75.49
728,CA-2018-163447,2018-12-27,Thomas Brumley,New York City,Furniture,FUR-CH-10004477,767.214,161.9674
730,CA-2018-163552,2018-07-11,Laura Armstrong,Hackensack,Furniture,FUR-CH-10003379,854.94,213.735
760,CA-2018-166086,2018-05-07,Carol Triggs,Lawrence,Furniture,FUR-CH-10004675,872.32,244.2496
771,CA-2018-166891,2018-10-04,Chris Cortes,New York City,Furniture,FUR-CH-10003298,589.41,-6.549
772,CA-2018-166954,2018-04-25,Beth Thompson,San Gabriel,Furniture,FUR-CH-10003973,1487.04,148.704
776,CA-2018-167199,2018-01-06,Maria Etezadi,Henderson,Furniture,FUR-CH-10004063,2573.82,746.4078
783,CA-2018-168130,2018-09-19,Bill Shonely,New York City,Furniture,FUR-CH-10000988,887.103,177.4206
804,CA-2018-169803,2018-04-06,Scott Cohen,Seattle,Furniture,FUR-TA-10000688,653.55,111.1035
806,CA-2019-100146,2019-05-14,Claudia Bergmann,Camarillo,Furniture,FUR-BO-10004015,509.9575,41.9965
825,CA-2019-101889,2019-12-27,David Bremer,Marion,Furniture,FUR-TA-10004154,1548.99,-464.697
831,CA-2019-102281,2019-10-12,Mark Packer,New York City,Furniture,FUR-BO-10002545,626.352,46.9764
834,CA-2019-102582,2019-09-15,Natalie Webber,Mobile,Furniture,FUR-CH-10004853,1056.86,306.4894
853,CA-2019-103954,2019-08-09,Hallie Redmond,Milwaukee,Furniture,FUR-BO-10004690,687.4,48.118
869,CA-2019-104948,2019-11-13,Keith Herrera,San Bernardino,Furniture,FUR-BO-10004357,683.332,-40.196
880,CA-2019-105627,2019-03-08,Dana Kaydos,Kenosha,Furniture,FUR-BO-10002916,512.94,97.4586
890,CA-2019-106320,2019-09-25,Emily Burns,Orem,Furniture,FUR-TA-10000577,1044.63,240.2649
901,CA-2019-107937,2019-05-03,Julia Barnett,Chula Vista,Furniture,FUR-FU-10002298,665.88,106.5408
924,CA-2019-110016,2019-11-29,Bill Tyler,Detroit,Furniture,FUR-CH-10002880,1106.91,121.7601
930,CA-2019-110457,2019-03-02,Dave Kipp,Seattle,Furniture,FUR-TA-10001768,787.53,165.3813
937,CA-2019-110863,2019-11-17,Anna Andreadi,Oklahoma City,Furniture,FUR-CH-10002073,1323.9,383.931
943,CA-2019-111038,2019-12-01,Lindsay Castell,San Diego,Furniture,FUR-CH-10003973,2676.672,267.6672
956,CA-2019-111514,2019-08-31,Scott Cohen,San Francisco,Furniture,FUR-BO-10002545,1552.831,200.9546
967,CA-2019-112130,2019-05-03,Stewart Visinsky,Philadelphia,Furniture,FUR-CH-10002965,844.116,-36.1764
968,CA-2019-112144,2019-06-28,Craig Yedwab,Gilbert,Furniture,FUR-FU-10004306,621.76,46.632
988,CA-2019-113404,2019-07-16,Eleni McCrary,San Francisco,Furniture,FUR-CH-10003312,1348.704,-219.1644
990,CA-2019-113628,2019-11-12,Anna Häberlin,Plantation,Furniture,FUR-CH-10003298,523.92,-72.039
995,CA-2019-114069,2019-07-13,Natalie DeCherney,New York City,Furniture,FUR-CH-10000595,1931.04,321.84
1000,CA-2019-114811,2019-11-08,Keith Dawkins,New York City,Furniture,FUR-CH-10003746,577.764,115.5528
1008,CA-2019-115567,2019-09-13,Zuschuss Carroll,Columbus,Furniture,FUR-CH-10000015,1516.2,394.212
1020,CA-2019-116638,2019-01-28,Joseph Holt,Concord,Furniture,FUR-TA-10000198,4297.644,-1862.3124
1025,CA-2019-117086,2019-11-08,Quincy Jones,Burlington,Furniture,FUR-BO-10004834,4404.9,1013.127
1026,CA-2019-117415,2019-12-27,Steve Nguyen,Houston,Furniture,FUR-BO-10002545,532.3992,-46.9764
1029,CA-2019-117800,2019-09-21,Tracy Hopkins,Everett,Furniture,FUR-CH-10000785,542.94,141.1644
1053,CA-2019-119879,2019-11-21,Shahid Shariari,Philadelphia,Furniture,FUR-TA-10002958,1252.704,-480.2032
1059,CA-2019-120362,2019-09-14,Christina Anderson,Provo,Furniture,FUR-TA-10003008,912.75,118.6575
1066,CA-2019-120677,2019-05-31,Bill Donatelli,Minneapolis,Furniture,FUR-CH-10002320,2567.84,770.352
1084,CA-2019-121720,2019-06-11,Jim Epp,Lakeland,Furniture,FUR-CH-10003312,1123.92,-182.637
1112,CA-2019-124058,2019-11-20,Lena Creighton,Oakland,Furniture,FUR-CH-10000595,572.16,35.76
1115,CA-2019-124450,2019-04-27,Greg Tran,Washington,Furniture,FUR-CH-10000309,1267.53,316.8825
1120,CA-2019-124891,2019-07-31,Rick Hansen,New York City,Furniture,FUR-TA-10002903,1090.782,-290.8752
1123,CA-2019-124975,2019-06-22,Michael Grace,Aurora,Furniture,FUR-TA-10002645,796.425,-525.6405
1155,CA-2019-127509,2019-11-09,Adam Shillingsburg,Springfield,Furniture,FUR-TA-10002855,1024.38,215.1198
1189,CA-2019-130183,2019-11-13,Patrick O'Brill,Houston,Furniture,FUR-BO-10001811,613.9992,-18.0588
1194,CA-2019-130456,2019-08-21,David Smith,San Francisco,Furniture,FUR-BO-10003893,586.398,34.494
1201,CA-2019-130848,2019-10-25,Deirdre Greer,Denver,Furniture,FUR-CH-10000422,582.336,-29.1168
1205,CA-2019-130890,2019-11-02,Jas O'Carroll,Los Angeles,Furniture,FUR-TA-10002903,1038.84,51.942
1228,CA-2019-132486,2019-10-23,Jay Fein,San Diego,Furniture,FUR-CH-10001854,842.352,42.1176
1241,CA-2019-133452,2019-04-13,Zuschuss Carroll,Pomona,Furniture,FUR-TA-10003954,710.832,-97.7394
1244,CA-2019-133585,2019-03-01,Craig Molinari,Houston,Furniture,FUR-BO-10001811,1227.9984,-36.1176
1270,CA-2019-135538,2019-12-24,Harold Ryan,Gilbert,Furniture,FUR-CH-10004287,883.84,99.432
1293,CA-2019-137113,2019-12-01,Tamara Willingham,Seattle,Furniture,FUR-CH-10001215,2003.92,125.245
1303,CA-2019-137925,2019-11-30,Janet Lee,New York City,Furniture,FUR-BO-10001608,681.408,42.588
1305,CA-2019-137974,2019-04-16,Lauren Leatherbury,Waynesboro,Furniture,FUR-BO-10001519,523.26,125.5824
1324,CA-2019-139731,2019-10-15,Joel Eaton,Amarillo,Furniture,FUR-CH-10002024,2453.43,-350.49
1342,CA-2019-141243,2019-01-03,Amy Hunt,Dallas,Furniture,FUR-BO-10003272,1352.3976,-437.5404
1373,CA-2019-143119,2019-09-24,Marc Crier,Lafayette,Furniture,FUR-CH-10001270,517.5,155.25
1388,CA-2019-144267,2019-08-21,Nick Zandusky,San Francisco,Furniture,FUR-CH-10002335,544.008,40.8006
1420,CA-2019-146563,2019-08-24,Cassandra Brandow,Arlington,Furniture,FUR-TA-10001768,918.785,-118.1295
1430,CA-2019-147788,2019-05-31,Tamara Manning,Orem,Furniture,FUR-BO-10004357,1406.86,140.686
1441,CA-2019-148635,2019-07-25,Michelle Huthwaite,Seattle,Furniture,FUR-BO-10002213,704.9,56.392
1450,CA-2019-149342,2019-04-20,Theresa Swint,Columbus,Furniture,FUR-FU-10002937,595.38,297.69
1465,CA-2019-149972,2019-09-21,Cynthia Delaney,Los Angeles,Furniture,FUR-CH-10004997,601.536,0.0
1477,CA-2019-150875,2019-11-16,Heather Kirkland,Boise,Furniture,FUR-TA-10000577,696.42,160.1766
1499,CA-2019-153381,2019-09-24,Deanra Eno,Dubuque,Furniture,FUR-CH-10000988,1408.1,394.268
1500,CA-2019-153388,2019-08-01,Pauline Chand,Los Angeles,Furniture,FUR-TA-10003715,1004.976,-175.8708
1504,CA-2019-153549,2019-03-29,Sara Luxemburg,Jacksonville,Furniture,FUR-CH-10004086,1166.92,131.2785
1522,CA-2019-154823,2019-08-21,Katherine Nockton,Springfield,Furniture,FUR-CH-10003379,598.458,-42.747
1554,CA-2019-156734,2019-06-18,Benjamin Venier,Smyrna,Furniture,FUR-CH-10002965,643.136,56.2744
1573,CA-2019-158421,2019-09-21,Giulietta Baptist,Columbia,Furniture,FUR-CH-10000309,1690.04,422.51
1591,CA-2019-160227,2019-11-02,Emily Ducich,New York City,Furniture,FUR-CH-10002073,2621.322,553.3902
1601,CA-2019-161452,2019-04-05,Carol Adams,Los Angeles,Furniture,FUR-CH-10003973,892.224,89.2224
1609,CA-2019-162047,2019-11-03,Fred Hopkins,Long Beach,Furniture,FUR-CH-10004983,1448.82,209.274
1620,CA-2019-162887,2019-11-07,Stewart Visinsky,Burlington,Furniture,FUR-CH-10000595,715.2,178.8
1623,CA-2019-163055,2019-08-09,David Smith,Detroit,Furniture,FUR-TA-10003748,622.45,136.939
1637,CA-2019-164301,2019-03-26,Ellis Ballard,Seattle,Furniture,FUR-TA-10001889,3393.68,610.8624
1645,CA-2019-164777,2019-01-27,Sean Christensen,Los Angeles,Furniture,FUR-CH-10002024,2803.92,0.0
1665,CA-2019-166947,2019-06-05,Edward Becker,Buffalo,Furniture,FUR-CH-10004997,1522.638,169.182
1666,CA-2019-166975,2019-11-26,Stefanie Holloman,Jackson,Furniture,FUR-FU-10003930,692.472,190.4298
1677,CA-2019-168207,2019-11-02,Liz Thompson,San Diego,Furniture,FUR-BO-10004357,512.499,-30.147
1711,CA-2020-100944,2020-09-24,Edward Hooks,Los Angeles,Furniture,FUR-CH-10000988,563.24,56.324
1713,CA-2020-100993,2020-02-05,Annie Zypern,San Diego,Furniture,FUR-TA-10001095,557.728,6.9716
1729,CA-2020-101672,2020-10-03,Daniel Byrd,Lake Forest,Furniture,FUR-CH-10004063,915.136,102.9528
1737,CA-2020-102092,2020-12-09,Paul MacIntyre,Springfield,Furniture,FUR-TA-10002530,1056.86,158.529
1746,CA-2020-102813,2020-07-02,Erin Ashbrook,Huntsville,Furniture,FUR-CH-10000665,528.43,0.0
1748,CA-2020-102981,2020-09-06,Mary O'Rourke,New York City,Furniture,FUR-BO-10001811,722.352,90.294
1762,CA-2020-104157,2020-07-25,Meg Tillman,Jackson,Furniture,FUR-TA-10004915,2430.08,388.8128
1770,CA-2020-105081,2020-12-25,Joe Elijah,Seattle,Furniture,FUR-CH-10000847,698.352,52.3764
1771,CA-2020-105207,2020-01-03,Bill Overfelt,Broken Arrow,Furniture,FUR-TA-10000617,1592.85,350.427
1783,CA-2020-105732,2020-09-13,Alejandro Grove,Omaha,Furniture,FUR-FU-10003664,1336.44,387.5676
1792,CA-2020-106243,2020-09-30,Greg Matthias,New York City,Furniture,FUR-BO-10003034,523.92,-26.196
1806,CA-2020-107104,2020-11-26,Maribeth Schnelling,Los Angeles,Furniture,FUR-BO-10002213,3406.664,160.3136
1810,CA-2020-107328,2020-08-08,Cathy Armstrong,Los Angeles,Furniture,FUR-TA-10001932,513.024,12.8256
1833,CA-2020-108987,2020-09-08,Anna Gayman,Houston,Furniture,FUR-BO-10004834,2396.2656,-317.1528
1862,CA-2020-110975,2020-12-25,Darren Budd,New York City,Furniture,FUR-CH-10003746,866.646,173.3292
1867,CA-2020-111213,2020-04-01,Frank Preis,New York City,Furniture,FUR-CH-10000454,1317.492,292.776
1883,CA-2020-112109,2020-07-08,Joe Elijah,Broomfield,Furniture,FUR-CH-10004287,662.88,74.574
1892,CA-2020-112669,2020-04-14,Kean Takahito,Glendale,Furniture,FUR-CH-10004086,933.536,105.0228
1905,CA-2020-113243,2020-06-10,Olvera Toch,Los Angeles,Furniture,FUR-TA-10004256,1335.68,-217.048
1921,CA-2020-113831,2020-05-30,Anna Häberlin,Springfield,Furniture,FUR-TA-10002645,2275.5,386.835
1929,CA-2020-114489,2020-12-05,Justin Ellison,Franklin,Furniture,FUR-CH-10000454,1951.84,585.552
1933,CA-2020-114727,2020-07-18,Linda Southworth,Denver,Furniture,FUR-CH-10002331,854.352,10.6794
1935,CA-2020-114860,2020-12-22,Duane Noonan,Moreno Valley,Furniture,FUR-FU-10000277,842.72,202.2528
1950,CA-2020-115917,2020-05-20,Rick Bensley,Vallejo,Furniture,FUR-FU-10000576,1049.2,272.792
1964,CA-2020-116799,2020-03-03,Jason Gross,Odessa,Furniture,FUR-CH-10004983,563.43,-56.343
1965,CA-2020-116911,2020-09-15,Justin Deggeller,Twin Falls,Furniture,FUR-TA-10003473,1128.39,259.5297
1977,CA-2020-117681,2020-04-09,Herbert Flentye,Los Angeles,Furniture,FUR-BO-10001798,556.665,6.549
1982,CA-2020-118073,2020-08-12,Cindy Schnelling,Lakeland,Furniture,FUR-TA-10002533,562.2925,-255.5875
1988,CA-2020-118332,2020-12-16,Pete Kriz,Apple Valley,Furniture,FUR-CH-10001708,563.92,7.049
1990,CA-2020-118514,2020-02-03,Liz Carlisle,Richmond,Furniture,FUR-CH-10000015,866.4,225.264
1994,CA-2020-118745,2020-06-11,Seth Vernon,Los Angeles,Furniture,FUR-TA-10003473,902.712,33.8517
2019,CA-2020-120355,2020-09-18,Magdelene Morse,New Rochelle,Furniture,FUR-CH-10001394,631.782,140.396
2020,CA-2020-120369,2020-10-28,Victoria Brennan,Rochester,Furniture,FUR-FU-10003806,756.8,75.68
2021,CA-2020-120530,2020-04-07,Dorris liebe,New York City,Furniture,FUR-CH-10000454,658.746,146.388
2049,CA-2020-122581,2020-08-21,Jay Kimmel,New York City,Furniture,FUR-CH-10002961,573.174,63.686
2051,CA-2020-122903,2020-05-27,Laura Armstrong,Detroit,Furniture,FUR-CH-10002024,3504.9,700.98
2063,CA-2020-123540,2020-04-02,Denny Joy,Milwaukee,Furniture,FUR-CH-10000847,1454.9,378.274
2069,CA-2020-123946,2020-09-12,Anthony Johnson,Springfield,Furniture,FUR-CH-10002073,1059.12,307.1448
2082,CA-2020-124590,2020-11-12,Susan Pistek,Parma,Furniture,FUR-CH-10000454,1537.074,0.0
2089,CA-2020-125080,2020-10-21,Victoria Wilson,Lakewood,Furniture,FUR-TA-10003238,661.176,-231.4116
2119,CA-2020-127138,2020-03-12,Dean Katz,San Francisco,Furniture,FUR-CH-10003746,770.352,77.0352
2128,CA-2020-127670,2020-03-20,Robert Dilbeck,Saint Peters,Furniture,FUR-TA-10001095,697.16,146.4036
2134,CA-2020-128223,2020-06-14,Ed Braxton,Anaheim,Furniture,FUR-TA-10001771,1293.488,80.843
2140,CA-2020-128594,2020-08-26,Don Jones,San Diego,Furniture,FUR-CH-10001215,1603.136,100.196
2182,CA-2020-130820,2020-11-15,Odella Nelson,Burlington,Furniture,FUR-TA-10001768,630.024,-199.5076
2188,CA-2020-131289,2020-12-08,Stefania Perrino,San Francisco,Furniture,FUR-TA-10003954,1421.664,-195.4788
2194,CA-2020-131737,2020-03-17,Gary Zandusky,Columbia,Furniture,FUR-FU-10004306,971.5,252.59
2202,CA-2020-132304,2020-06-14,Anthony Rawles,Seattle,Furniture,FUR-TA-10004619,1115.17,334.551
2227,CA-2020-133935,2020-09-18,Jane Waco,San Diego,Furniture,FUR-CH-10001215,801.568,50.098
2263,CA-2020-136406,2020-04-15,Bill Donatelli,San Francisco,Furniture,FUR-CH-10002024,1121.568,0.0
2272,CA-2020-137043,2020-12-23,Logan Currie,Springfield,Furniture,FUR-FU-10003664,572.76,166.1004
2273,CA-2020-137050,2020-07-14,Steven Ward,New York City,Furniture,FUR-BO-10004695,579.136,21.7176
2295,CA-2020-138597,2020-12-18,Parhena Norris,Omaha,Furniture,FUR-CH-10004997,563.94,112.788
2300,CA-2020-138968,2020-03-15,Fred Chung,San Francisco,Furniture,FUR-CH-10000309,1352.032,84.502
2349,CA-2020-142335,2020-12-15,Michael Paige,Detroit,Furniture,FUR-TA-10000198,1652.94,231.4116
2351,CA-2020-142398,2020-04-12,Beth Paige,Los Angeles,Furniture,FUR-CH-10001545,638.288,-31.9144
2360,CA-2020-142958,2020-12-13,Rob Williams,Torrance,Furniture,FUR-TA-10000577,1114.272,41.7852
2374,CA-2020-144148,2020-07-31,Anna Häberlin,San Francisco,Furniture,FUR-TA-10002774,863.128,-32.3673
2389,CA-2020-144939,2020-10-03,Emily Burns,New York City,Furniture,FUR-CH-10003199,599.292,93.2232
2404,CA-2020-145730,2020-03-03,Chris Cortes,San Antonio,Furniture,FUR-TA-10004915,637.896,-127.5792
2426,CA-2020-146913,2020-10-31,Sylvia Foulston,San Francisco,Furniture,FUR-CH-10001854,1403.92,70.196
2432,CA-2020-147137,2020-07-04,Anna Andreadi,San Francisco,Furniture,FUR-BO-10001811,1279.165,225.735
2460,CA-2020-149272,2020-03-15,Muhammed Yedwab,Bryan,Furniture,FUR-CH-10000863,528.43,-143.431
2461,CA-2020-149279,2020-04-24,Craig Leslie,Colorado Springs,Furniture,FUR-CH-10004287,1325.76,149.148
2483,CA-2020-150350,2020-08-23,Maxwell Schwartz,Seattle,Furniture,FUR-CH-10001973,532.704,-39.9528
2504,CA-2020-152247,2020-11-07,Michelle Arnett,Cheyenne,Furniture,FUR-CH-10001215,1603.136,100.196
2505,CA-2020-152289,2020-08-26,Linda Cazamias,Pasadena,Furniture,FUR-CH-10002126,1024.716,-29.2776
2512,CA-2020-152555,2020-03-29,Maria Etezadi,Chicago,Furniture,FUR-CH-10002965,844.116,-36.1764
2529,CA-2020-153577,2020-06-27,Katharine Harms,Highland Park,Furniture,FUR-CH-10003981,539.658,-7.7094
2543,CA-2020-154662,2020-06-09,Benjamin Farhat,Minneapolis,Furniture,FUR-TA-10001771,692.94,173.235
2561,CA-2020-155516,2020-10-21,Michael Kennedy,Manchester,Furniture,FUR-BO-10002545,1043.92,271.4192
2562,CA-2020-155530,2020-12-17,Charles McCrossin,San Francisco,Furniture,FUR-TA-10004256,2003.52,-325.572
2573,CA-2020-156300,2020-12-29,Troy Blackwell,Milwaukee,Furniture,FUR-CH-10001714,754.45,60.356
2582,CA-2020-157245,2020-05-19,Laurel Elliston,Arlington,Furniture,FUR-CH-10003746,641.96,179.7488
2583,CA-2020-157259,2020-12-24,Jessica Myrick,New York City,Furniture,FUR-FU-10003192,799.56,207.8856
2585,CA-2020-157280,2020-11-05,Liz Willingham,Virginia Beach,Furniture,FUR-FU-10003806,756.8,75.68
2586,CA-2020-157336,2020-12-01,Shirley Jackson,Fairfield,Furniture,FUR-CH-10004997,751.92,150.384
2613,CA-2020-158778,2020-09-05,Dean Braden,Philadelphia,Furniture,FUR-CH-10000309,887.271,-63.3765
2625,CA-2020-159373,2020-03-13,Liz Thompson,San Antonio,Furniture,FUR-TA-10004619,557.585,0.0
2675,CA-2020-162236,2020-11-04,Elpida Rittenbach,Charlotte,Furniture,FUR-TA-10002533,876.3,-292.1
2678,CA-2020-162355,2020-06-30,Philip Fox,Sandy Springs,Furniture,FUR-BO-10004695,1266.86,291.3778
2694,CA-2020-163328,2020-11-04,Tracy Poddar,Eugene,Furniture,FUR-CH-10000229,650.352,-97.5528
2701,CA-2020-163776,2020-07-19,Joy Smith,Hattiesburg,Furniture,FUR-BO-10003546,504.9,126.225
2711,CA-2020-164399,2020-11-12,Dianna Wilson,San Diego,Furniture,FUR-TA-10003392,674.352,-8.4294
2719,CA-2020-164770,2020-12-02,Muhammed Yedwab,Houston,Furniture,FUR-BO-10003893,781.864,-137.976
2767,CA-2020-168032,2020-01-30,David Flashing,Rockford,Furniture,FUR-TA-10004256,626.1,-538.446
2770,CA-2020-168354,2020-09-19,Rick Huthwaite,Providence,Furniture,FUR-CH-10004675,872.32,244.2496
2789,CA-2020-169670,2020-12-25,Joe Elijah,New York City,Furniture,FUR-CH-10002331,2563.056,313.2624
2791,CA-2020-169838,2020-11-25,Brenda Bowman,Jackson,Furniture,FUR-TA-10001095,1568.61,329.4081
2800,CA-2021-100111,2021-09-20,Seth Vernon,New York City,Furniture,FUR-CH-10001215,2254.41,375.735
2826,CA-2021-101042,2021-11-19,Adrian Barton,Henderson,Furniture,FUR-FU-10004665,821.88,213.6888
2851,CA-2021-102204,2021-05-01,Caroline Jumper,Jacksonville,Furniture,FUR-CH-10002024,2803.92,0.0
2856,CA-2021-102379,2021-12-02,Brenda Bowman,Oakland,Furniture,FUR-CH-10004983,1159.056,43.4646
2857,CA-2021-102407,2021-12-09,Alyssa Tate,Los Angeles,Furniture,FUR-TA-10003748,896.328,22.4082
2865,CA-2021-102750,2021-09-04,Greg Maxwell,Los Angeles,Furniture,FUR-TA-10000198,1322.352,-99.1764
2876,CA-2021-103212,2021-10-13,Michelle Huthwaite,Lafayette,Furniture,FUR-TA-10003473,1504.52,346.0396
2888,CA-2021-103968,2021-12-01,Max Ludwig,Stockton,Furniture,FUR-FU-10003394,629.64,107.0388
2919,CA-2021-105214,2021-06-16,Troy Staebel,San Francisco,Furniture,FUR-CH-10000015,1212.96,90.972
2991,CA-2021-108441,2021-06-12,Sarah Bern,New York City,Furniture,FUR-CH-10000595,858.24,143.04
3002,CA-2021-109085,2021-02-17,Christine Kargatis,Troy,Furniture,FUR-CH-10003981,899.43,-12.849
3041,CA-2021-111689,2021-11-30,Harold Pawlan,New York City,Furniture,FUR-CH-10004287,1242.9,262.39
3054,CA-2021-112515,2021-09-17,Alan Schoenberger,Provo,Furniture,FUR-BO-10003404,1292.94,77.5764
3055,CA-2021-112529,2021-11-19,Stewart Carmichael,San Antonio,Furniture,FUR-TA-10002622,718.116,-71.8116
3058,CA-2021-112753,2021-06-18,Craig Carreira,Los Angeles,Furniture,FUR-BO-10004015,917.9235,75.5937
3075,CA-2021-113530,2021-05-19,Becky Castell,San Francisco,Furniture,FUR-CH-10002647,681.408,42.588
3076,CA-2021-113558,2021-10-21,Patricia Hirasaki,Lakeland,Furniture,FUR-CH-10003379,683.952,42.747
3078,CA-2021-113670,2021-10-15,Roland Schwarz,Los Angeles,Furniture,FUR-TA-10001705,510.24,6.378
3095,CA-2021-115154,2021-01-08,Ricardo Sperren,Seattle,Furniture,FUR-TA-10001950,892.98,80.3682
3102,CA-2021-115602,2021-12-18,Doug Jacobs,New York City,Furniture,FUR-CH-10001708,1141.938,139.5702
3118,CA-2021-116680,2021-09-04,Pete Kriz,San Francisco,Furniture,FUR-TA-10001771,1478.272,92.392
3120,CA-2021-116855,2021-12-17,Arianne Irving,Chesapeake,Furniture,FUR-CH-10003846,504.9,80.784
3133,CA-2021-117212,2021-02-26,Bradley Talbott,Los Angeles,Furniture,FUR-CH-10003973,892.224,89.2224
3142,CA-2021-117457,2021-12-08,Keith Herrera,San Francisco,Furniture,FUR-BO-10001972,1336.829,31.4548
3150,CA-2021-117702,2021-11-28,Lindsay Shagiari,Baltimore,Furniture,FUR-FU-10000576,1049.2,272.792
3180,CA-2021-118892,2021-08-17,Tom Prescott,Philadelphia,Furniture,FUR-CH-10002024,4416.174,-630.882
3188,CA-2021-119452,2021-03-21,Clay Ludtke,Tulsa,Furniture,FUR-CH-10004495,1805.88,523.7052
3189,CA-2021-119494,2021-11-09,Jim Epp,San Diego,Furniture,FUR-CH-10004675,523.392,52.3392
3202,CA-2021-120376,2021-12-22,Theone Pippenger,Detroit,Furniture,FUR-CH-10002335,1586.69,412.5394
3229,CA-2021-121559,2021-06-01,Helen Wasserman,Indianapolis,Furniture,FUR-CH-10003746,1925.88,539.2464
3240,CA-2021-121853,2021-09-23,Duane Benoit,Los Angeles,Furniture,FUR-CH-10003973,594.816,59.4816
3241,CA-2021-121888,2021-09-15,Carl Ludwig,Everett,Furniture,FUR-BO-10002545,782.94,203.5644
3256,CA-2021-122490,2021-11-13,Ted Trevino,Seattle,Furniture,FUR-CH-10001215,2404.704,150.294
3290,CA-2021-123967,2021-11-01,Sarah Foster,Bellingham,Furniture,FUR-TA-10003954,2665.62,239.9058
3295,CA-2021-124205,2021-09-15,Theresa Coyne,Lakewood,Furniture,FUR-CH-10003606,512.96,143.6288
3305,CA-2021-124765,2021-11-25,Henia Zydlo,Fort Lauderdale,Furniture,FUR-BO-10003965,723.92,-81.441
3326,CA-2021-126067,2021-08-28,Kristina Nunn,Seattle,Furniture,FUR-TA-10000617,1137.75,250.305
3383,CA-2021-128734,2021-12-24,James Lanier,Chandler,Furniture,FUR-CH-10001394,842.376,105.297
3387,CA-2021-128853,2021-04-21,Janet Martin,Baltimore,Furniture,FUR-CH-10004218,908.82,227.205
3388,CA-2021-128944,2021-06-19,Katharine Harms,Newark,Furniture,FUR-CH-10000785,760.116,-43.4352
3407,CA-2021-130141,2021-10-22,Helen Abelman,Fort Collins,Furniture,FUR-CH-10000749,579.136,-28.9568
3414,CA-2021-130505,2021-10-12,Natalie Fritzler,Wheeling,Furniture,FUR-TA-10001932,673.344,-76.9536
3418,CA-2021-130764,2021-10-27,Jack O'Briant,San Francisco,Furniture,FUR-BO-10003034,556.665,6.549
3440,CA-2021-131828,2021-02-11,Cari Sayre,Seattle,Furniture,FUR-CH-10004495,963.136,108.3528
3447,CA-2021-132234,2021-10-16,Maribeth Yedwab,New York City,Furniture,FUR-FU-10001290,547.3,175.136
3449,CA-2021-132290,2021-03-10,Maribeth Dona,Dallas,Furniture,FUR-TA-10002228,933.408,-173.3472
3577,CA-2021-138975,2021-05-19,Shahid Collister,Atlanta,Furniture,FUR-BO-10004695,1628.82,374.6286
3579,CA-2021-139199,2021-12-09,Damala Kotsonis,Detroit,Furniture,FUR-CH-10000847,872.94,226.9644
3596,CA-2021-140053,2021-07-03,Christina Anderson,Farmington,Furniture,FUR-FU-10003708,545.85,114.6285
3602,CA-2021-140326,2021-09-04,Helen Wasserman,Chicago,Furniture,FUR-BO-10000112,825.174,-117.882
3617,CA-2021-140963,2021-06-10,Michelle Tran,Los Angeles,Furniture,FUR-BO-10001337,514.165,-30.245
3623,CA-2021-141439,2021-11-26,Tonja Turnell,Richmond,Furniture,FUR-CH-10004287,828.6,240.294
3629,CA-2021-141705,2021-10-24,Patrick O'Brill,Mansfield,Furniture,FUR-TA-10004607,517.405,-81.3065
3638,CA-2021-142034,2021-09-24,Karen Bern,Saint Cloud,Furniture,FUR-CH-10000665,603.92,181.176
3639,CA-2021-142090,2021-11-30,Shahid Collister,Burlington,Furniture,FUR-TA-10001889,1781.682,-653.2834
3644,CA-2021-142342,2021-07-17,Anthony Johnson,Apple Valley,Furniture,FUR-BO-10002613,1194.165,210.735
3661,CA-2021-143126,2021-12-03,Corinna Mitchell,Seattle,Furniture,FUR-TA-10002958,521.96,88.7332
3663,CA-2021-143245,2021-12-01,Alan Dominguez,Fairfield,Furniture,FUR-CH-10000155,897.15,251.202
3672,CA-2021-143567,2021-11-02,Thomas Boland,Henderson,Furniture,FUR-CH-10000454,975.92,292.776
3673,CA-2021-143574,2021-06-29,Dan Reichenbach,Milford,Furniture,FUR-BO-10002598,638.82,185.2578
3678,CA-2021-143756,2021-12-02,Max Engle,Salem,Furniture,FUR-CH-10001854,701.96,168.4704
3689,CA-2021-144491,2021-03-27,Caroline Jumper,Houston,Furniture,FUR-BO-10001811,1023.332,-30.098
3708,CA-2021-145128,2021-07-09,Sean Miller,Lafayette,Furniture,FUR-FU-10000293,526.45,31.587
3732,CA-2021-146164,2021-12-22,Charlotte Melton,Rochester,Furniture,FUR-TA-10004915,607.52,97.2032
3750,CA-2021-147207,2021-01-02,Trudy Schmidt,El Paso,Furniture,FUR-TA-10002958,913.43,-169.637
3764,CA-2021-147760,2021-11-04,Kelly Lampkin,Greensboro,Furniture,FUR-TA-10004575,523.764,-192.0468
3778,CA-2021-148411,2021-09-24,Rose O'Brian,Chicago,Furniture,FUR-CH-10003973,520.464,-14.8704
3779,CA-2021-148446,2021-12-10,Michael Chen,North Las Vegas,Furniture,FUR-TA-10004256,1669.6,116.872
3796,CA-2021-149559,2021-09-11,Karen Ferguson,Long Beach,Furniture,FUR-CH-10002320,2054.272,256.784
3805,CA-2021-150091,2021-10-12,Nora Paige,Lakewood,Furniture,FUR-BO-10003404,2154.9,129.294
3807,CA-2021-150266,2021-11-25,Rose O'Brian,Houston,Furniture,FUR-CH-10002126,853.93,-24.398
3817,CA-2021-150910,2021-12-22,Jack Lebron,Jackson,Furniture,FUR-TA-10002903,934.956,-249.3216
3835,CA-2021-151799,2021-12-14,Ben Ferrer,Lawrence,Furniture,FUR-TA-10003473,526.582,-52.6582
3866,CA-2021-152975,2021-09-14,Roger Barcio,New York City,Furniture,FUR-CH-10003298,589.41,-6.549
3867,CA-2021-153045,2021-01-19,Neola Schneider,Philadelphia,Furniture,FUR-CH-10000309,887.271,-63.3765
3878,CA-2021-154074,2021-08-31,Bart Watters,Spokane,Furniture,FUR-CH-10002331,569.568,7.1196
3912,CA-2021-155705,2021-08-21,Natalie Fritzler,Jackson,Furniture,FUR-CH-10000015,866.4,225.264
3936,CA-2021-157091,2021-06-26,Denny Blanton,La Porte,Furniture,FUR-FU-10000293,526.45,31.587
3952,CA-2021-157931,2021-09-17,Meg O'Connel,Roswell,Furniture,FUR-CH-10000785,723.92,188.2192
3955,CA-2021-157987,2021-09-02,Ann Chong,New York City,Furniture,FUR-CH-10003379,1282.41,213.735
3976,CA-2021-159100,2021-10-16,Victoria Pisteka,Columbia,Furniture,FUR-TA-10001950,1875.258,-968.8833
4034,CA-2021-161774,2021-05-14,Greg Tran,Houston,Furniture,FUR-CH-10003981,899.43,-12.849
4050,CA-2021-162565,2021-12-11,Ralph Ritter,Aurora,Furniture,FUR-CH-10003973,520.464,-14.8704
4060,CA-2021-163006,2021-06-30,Gary Hansen,Chicago,Furniture,FUR-CH-10000229,569.058,-178.8468
4069,CA-2021-163265,2021-02-16,Joy Smith,Decatur,Furniture,FUR-CH-10004063,600.558,-8.5794
4093,CA-2021-164378,2021-07-15,Michelle Moray,New York City,Furniture,FUR-CH-10002084,664.146,88.5528
4122,CA-2021-166436,2021-11-24,Todd Sumrall,New York City,Furniture,FUR-CH-10000785,977.292,173.7408
4125,CA-2021-166695,2021-05-20,Chuck Clark,Lakewood,Furniture,FUR-CH-10000225,518.272,-97.176
4152,CA-2021-167899,2021-05-21,John Grady,Auburn,Furniture,FUR-FU-10004071,520.05,72.807
4179,CA-2021-169327,2021-09-02,Marc Harrigan,Los Angeles,Furniture,FUR-FU-10004188,511.5,132.99
4228,US-2018-115189,2018-12-30,Alex Russell,Philadelphia,Furniture,FUR-TA-10004575,523.764,-192.0468
4238,US-2018-117968,2018-08-05,Ricardo Sperren,Meriden,Furniture,FUR-CH-10002335,1133.35,294.671
4240,US-2018-118997,2018-04-08,Ruben Ausman,Decatur,Furniture,FUR-TA-10001086,1215.92,316.1392
4251,US-2018-123183,2018-11-19,Georgia Rosenberg,Wilmington,Furniture,FUR-BO-10000362,1025.88,235.9524
4254,US-2018-125521,2018-03-14,Christine Kargatis,Chesapeake,Furniture,FUR-CH-10003379,1139.92,284.98
4267,US-2018-133130,2018-09-27,Thea Hendricks,San Diego,Furniture,FUR-CH-10002602,603.92,45.294
4271,US-2018-134614,2018-09-20,Philip Fox,Bloomington,Furniture,FUR-TA-10004534,617.7,-407.682
4279,US-2018-137869,2018-03-28,Christina VanderZanden,Des Moines,Furniture,FUR-TA-10003954,1184.72,106.6248
4288,US-2018-140914,2018-11-11,Brosina Hoffman,Chicago,Furniture,FUR-CH-10003379,797.944,-56.996
4289,US-2018-141215,2018-06-15,Kelly Lampkin,San Antonio,Furniture,FUR-CH-10003379,797.944,-56.996
4290,US-2018-141257,2018-06-08,Carlos Soltero,Seattle,Furniture,FUR-CH-10002758,585.552,73.194
4296,US-2018-144078,2018-11-25,Richard Bierner,Los Angeles,Furniture,FUR-CH-10002335,725.344,54.4008
4299,US-2018-147627,2018-01-20,Hunter Lopez,Jonesboro,Furniture,FUR-CH-10002331,1067.94,224.2674
4304,US-2018-148838,2018-03-17,Christine Phan,New York City,Furniture,FUR-TA-10001950,1071.576,-553.6476
4314,US-2018-152030,2018-12-26,Alan Dominguez,Houston,Furniture,FUR-CH-10004063,600.558,-8.5794
4323,US-2018-156559,2018-08-19,Lena Hernandez,Jonesboro,Furniture,FUR-BO-10000711,638.82,172.4814
4340,US-2018-161613,2018-12-01,Matt Connell,Houston,Furniture,FUR-CH-10003746,674.058,-19.2588
4363,US-2019-103471,2019-12-24,Jim Radford,Colorado Springs,Furniture,FUR-BO-10002613,590.058,-786.744
4372,US-2019-108966,2019-10-11,Sean O'Donnell,Fort Lauderdale,Furniture,FUR-TA-10000577,957.5775,-383.031
4398,US-2019-122784,2019-07-20,Russell Applegate,Highland Park,Furniture,FUR-BO-10002545,913.43,-52.196
4405,US-2019-126214,2019-12-21,John Stevenson,Seattle,Furniture,FUR-TA-10003748,1618.37,356.0414
4408,US-2019-126977,2019-09-17,Peter Fuller,New York City,Furniture,FUR-BO-10002213,2003.92,-25.049
4412,US-2019-129007,2019-09-13,Ken Dana,Anaheim,Furniture,FUR-CH-10000155,717.72,71.772
4421,US-2019-134026,2019-04-26,Joel Eaton,Memphis,Furniture,FUR-CH-10000513,831.936,-114.3912
4423,US-2019-134558,2019-12-19,Peter McVee,Dover,Furniture,FUR-TA-10003473,1053.164,-105.3164
4432,US-2019-138093,2019-12-10,Kalyca Meade,Baltimore,Furniture,FUR-CH-10000785,542.94,141.1644
4433,US-2019-138121,2019-12-17,John Lee,Detroit,Furniture,FUR-CH-10003817,546.66,136.665
4437,US-2019-139675,2019-03-13,Nicole Fjeld,Chico,Furniture,FUR-CH-10004063,915.136,102.9528
4452,US-2019-147739,2019-12-25,Justin Deggeller,Philadelphia,Furniture,FUR-FU-10001468,547.136,-68.392
4458,US-2019-150630,2019-09-17,Tracy Blumstein,Philadelphia,Furniture,FUR-BO-10004834,3083.43,-1665.0522
4471,US-2019-157154,2019-01-10,Michael Moore,New York City,Furniture,FUR-TA-10001889,1018.104,-373.3048
4495,US-2019-165512,2019-05-24,Vivek Sundaresam,Naperville,Furniture,FUR-CH-10002880,602.651,-163.5767
4499,US-2019-168704,2019-04-13,Frank Preis,Huntsville,Furniture,FUR-TA-10000688,609.98,-113.282
4505,US-2020-100461,2020-01-08,Jack O'Briant,Franklin,Furniture,FUR-BO-10002545,1565.88,407.1288
4514,US-2020-102239,2020-05-05,Lindsay Williams,Henderson,Furniture,FUR-TA-10003392,1685.88,320.3172
4520,US-2020-105578,2020-05-30,Maribeth Yedwab,Parker,Furniture,FUR-CH-10001215,801.568,50.098
4528,US-2020-108497,2020-06-14,Marc Harrigan,Los Angeles,Furniture,FUR-BO-10004218,599.165,35.245
4534,US-2020-110170,2020-09-27,Harry Marie,Huntsville,Furniture,FUR-BO-10000780,956.6648,-225.0976
4570,US-2020-121013,2020-09-05,Michael Moore,Chesapeake,Furniture,FUR-TA-10003238,1652.94,314.0586
4580,US-2020-126452,2020-08-21,Scot Coram,Los Angeles,Furniture,FUR-TA-10003569,2887.056,180.441
4583,US-2020-127334,2020-12-15,Mike Pelletier,Springfield,Furniture,FUR-TA-10003473,564.195,-304.6653
4591,US-2020-129469,2020-09-23,Kelly Lampkin,Fairfield,Furniture,FUR-FU-10002298,532.704,-26.6352
4595,US-2020-131611,2020-11-05,Emily Phan,Houston,Furniture,FUR-BO-10000780,956.6648,-225.0976
4603,US-2020-133879,2020-03-21,Kean Takahito,Chicago,Furniture,FUR-CH-10000665,528.43,0.0
4625,US-2020-141544,2020-08-30,Patrick O'Brill,Philadelphia,Furniture,FUR-CH-10003312,786.744,-258.5016
4630,US-2020-143448,2020-12-10,Mark Hamilton,Greenwood,Furniture,FUR-CH-10003379,1424.9,356.225
4631,US-2020-143819,2020-03-01,Karen Daniels,Yonkers,Furniture,FUR-TA-10001095,836.592,-264.9208
4638,US-2020-146066,2020-08-21,Rick Bensley,Philadelphia,Furniture,FUR-TA-10002530,815.292,-339.705
4657,US-2020-150861,2020-12-03,Emily Grady,Oceanside,Furniture,FUR-CH-10002965,542.646,102.4998
4675,US-2020-156097,2020-09-19,Eugene Hildebrand,Aurora,Furniture,FUR-CH-10001215,701.372,-50.098
4682,US-2020-157945,2020-09-26,Natalie Fritzler,Decatur,Furniture,FUR-CH-10002331,747.558,-96.1146
4698,US-2020-162852,2020-12-27,Brooke Gillingham,Woodstock,Furniture,FUR-CH-10004853,845.488,-12.0784
4703,US-2020-163881,2020-11-24,Sung Pak,Los Angeles,Furniture,FUR-CH-10001394,1684.752,210.594
4705,US-2020-164196,2020-11-11,Alejandro Savely,Noblesville,Furniture,FUR-TA-10001950,2678.94,241.1046
4713,US-2020-167339,2020-01-21,Tamara Dahlen,San Diego,Furniture,FUR-CH-10000785,1013.488,76.0116
4733,US-2021-102890,2021-06-30,Sheri Gordon,New York City,Furniture,FUR-TA-10000577,1044.63,-295.9785
4748,US-2021-105998,2021-11-03,Clay Rozendal,San Diego,Furniture,FUR-TA-10001095,1673.184,20.9148
4751,US-2021-106551,2021-07-22,Eric Barreto,Chicago,Furniture,FUR-CH-10004997,526.344,-75.192
4768,US-2021-109316,2021-06-08,Maureen Gastineau,Los Angeles,Furniture,FUR-BO-10004834,1497.666,140.9568
4771,US-2021-109610,2021-11-25,Brendan Sweed,Louisville,Furniture,FUR-CH-10001854,701.96,168.4704
4773,US-2021-110576,2021-11-28,Ross Baird,Philadelphia,Furniture,FUR-FU-10000576,1007.232,75.5424
4788,US-2021-113992,2021-12-14,Lena Creighton,Plano,Furniture,FUR-TA-10000577,974.988,-97.4988
4813,US-2021-118941,2021-08-12,Brenda Bowman,Columbia,Furniture,FUR-CH-10002331,1779.9,373.779
4837,US-2021-124821,2021-06-25,Anne McFarland,Seattle,Furniture,FUR-TA-10000688,871.4,148.138
4839,US-2021-124968,2021-09-08,Michelle Moray,Chicago,Furniture,FUR-TA-10004289,765.625,-566.5625
4855,US-2021-128951,2021-07-15,Ricardo Sperren,Suffolk,Furniture,FUR-TA-10004575,872.94,157.1292
4876,US-2021-133200,2021-05-06,Dorothy Badders,Fort Worth,Furniture,FUR-BO-10001601,623.4648,-119.1918
4880,US-2021-134481,2021-08-27,Allen Rosenblatt,Franklin,Furniture,FUR-TA-10004915,1488.424,-297.6848
4955,US-2021-155425,2021-11-10,Ann Blume,Tucson,Furniture,FUR-CH-10003312,899.136,-146.1096
4973,US-2021-160836,2021-09-11,Cindy Chapman,Houston,Furniture,FUR-TA-10002855,512.19,-65.853
4985,US-2021-164056,2021-04-29,Filia McAdams,Dublin,Furniture,FUR-TA-10001307,1048.35,-69.89
4989,US-2021-165456,2021-11-30,Trudy Brown,Philadelphia,Furniture,FUR-CH-10003981,1079.316,-15.4188
